-- phpMyAdmin SQL Dump
-- version 5.2.1
-- https://www.phpmyadmin.net/
--
-- Host: 127.0.0.1
-- Generation Time: Oct 08, 2024 at 07:54 AM
-- Server version: 10.4.32-MariaDB
-- PHP Version: 8.0.30

SET SQL_MODE = "NO_AUTO_VALUE_ON_ZERO";
START TRANSACTION;
SET time_zone = "+00:00";


/*!40101 SET @OLD_CHARACTER_SET_CLIENT=@@CHARACTER_SET_CLIENT */;
/*!40101 SET @OLD_CHARACTER_SET_RESULTS=@@CHARACTER_SET_RESULTS */;
/*!40101 SET @OLD_COLLATION_CONNECTION=@@COLLATION_CONNECTION */;
/*!40101 SET NAMES utf8mb4 */;

--
-- Database: `survey_bd`
--

-- --------------------------------------------------------

--
-- Table structure for table `surveyor_payouts`
--

CREATE TABLE `surveyor_payouts` (
  `survey_id` int(11) NOT NULL,
  `surveyor_id` int(11) NOT NULL,
  `total_entries` int(11) DEFAULT 0,
  `total_earnings` decimal(10,2) DEFAULT 0.00,
  `is_paid` tinyint(1) DEFAULT 0
) ENGINE=InnoDB DEFAULT CHARSET=utf8mb4 COLLATE=utf8mb4_general_ci;

--
-- Dumping data for table `surveyor_payouts`
--

INSERT INTO `surveyor_payouts` (`survey_id`, `surveyor_id`, `total_entries`, `total_earnings`, `is_paid`) VALUES
(8, 3, 3, 24.00, 0),
(9, 3, 5, 35.00, 0),
(10, 3, 3, 21.00, 0),
(11, 3, 3, 42.00, 0),
(12, 3, 2, 22.00, 0),
(13, 3, 169, 1183.00, 0),
(14, 3, 4, 28.00, 0);

-- --------------------------------------------------------

--
-- Table structure for table `survey_list`
--

CREATE TABLE `survey_list` (
  `client_id` int(11) DEFAULT NULL,
  `survey_id` int(11) NOT NULL,
  `title` varchar(255) NOT NULL,
  `is_running` tinyint(1) NOT NULL DEFAULT 1,
  `created_at` timestamp NOT NULL DEFAULT current_timestamp() ON UPDATE current_timestamp(),
  `required_entries` int(11) DEFAULT 0,
  `collected_entries` int(11) DEFAULT 0,
  `cost_per_row` int(11) NOT NULL DEFAULT 10,
  `is_private` tinyint(1) DEFAULT 1,
  `is_paid` tinyint(1) NOT NULL DEFAULT 0,
  `surveyor_earnings` int(11) GENERATED ALWAYS AS (`cost_per_row` * 0.7) STORED,
  `market_price` int(11) DEFAULT 0,
  `privacy_decision_deadline` timestamp NULL DEFAULT NULL
) ENGINE=InnoDB DEFAULT CHARSET=utf8mb4 COLLATE=utf8mb4_general_ci;

--
-- Dumping data for table `survey_list`
--

INSERT INTO `survey_list` (`client_id`, `survey_id`, `title`, `is_running`, `created_at`, `required_entries`, `collected_entries`, `cost_per_row`, `is_private`, `is_paid`, `market_price`, `privacy_decision_deadline`) VALUES
(9, 8, 'medicine', 0, '2024-10-05 17:20:57', 500, 3, 12, 1, 1, 10000, NULL),
(9, 9, 'new survey', 0, '2024-10-05 22:56:07', 10, 5, 10, 1, 1, 0, NULL),
(9, 10, 'first survey', 0, '2024-10-05 17:27:57', 10, 3, 10, 1, 1, 12, NULL),
(9, 11, 'a new survey', 0, '2024-10-05 19:20:12', 200, 3, 20, 1, 1, 1200, '2024-10-20 19:20:12'),
(24, 12, 'rocket', 0, '2024-10-05 16:16:36', 200, 2, 15, 0, 1, 1000, NULL),
(9, 13, 'Fitness and exercise', 0, '2024-10-05 22:40:08', 200, 169, 10, 1, 1, 676, '2024-10-20 22:40:08'),
(9, 14, 'sldfljsakdf', 0, '2024-10-06 03:34:31', 10, 4, 10, 1, 1, 16, '2024-10-21 03:34:31');

-- --------------------------------------------------------

--
-- Table structure for table `survey_purchase`
--

CREATE TABLE `survey_purchase` (
  `id` int(11) NOT NULL,
  `survey_id` int(11) NOT NULL,
  `buyer_id` int(11) NOT NULL,
  `seller_profit` int(11) NOT NULL,
  `website_commission` int(11) NOT NULL,
  `bought_at` timestamp NOT NULL DEFAULT current_timestamp()
) ENGINE=InnoDB DEFAULT CHARSET=utf8 COLLATE=utf8_unicode_ci;

--
-- Dumping data for table `survey_purchase`
--

INSERT INTO `survey_purchase` (`id`, `survey_id`, `buyer_id`, `seller_profit`, `website_commission`, `bought_at`) VALUES
(26, 8, 9, 0, 36, '2024-10-04 17:12:34'),
(30, 9, 9, 0, 50, '2024-10-04 17:23:12'),
(31, 8, 24, 9, 4, '2024-10-04 17:24:18'),
(33, 11, 9, 0, 60, '2024-10-05 15:56:19'),
(34, 12, 24, 0, 30, '2024-10-05 16:15:57'),
(35, 9, 24, 0, 0, '2024-10-05 16:28:47'),
(36, 11, 24, 840, 360, '2024-10-05 16:48:40'),
(37, 10, 9, 0, 30, '2024-10-05 17:27:57'),
(38, 12, 9, 700, 300, '2024-10-05 20:58:03'),
(39, 13, 9, 0, 1690, '2024-10-05 22:40:08'),
(40, 14, 9, 0, 40, '2024-10-06 03:34:31');

-- --------------------------------------------------------

--
-- Table structure for table `survey_questions`
--

CREATE TABLE `survey_questions` (
  `id` int(11) NOT NULL,
  `survey_id` int(11) DEFAULT NULL,
  `question_text` varchar(255) DEFAULT NULL,
  `question_type` varchar(50) DEFAULT NULL
) ENGINE=InnoDB DEFAULT CHARSET=utf8mb4 COLLATE=utf8mb4_general_ci;

--
-- Dumping data for table `survey_questions`
--

INSERT INTO `survey_questions` (`id`, `survey_id`, `question_text`, `question_type`) VALUES
(11, 8, 'what pill do you take the most?', 'String'),
(12, 9, 'what is your name?', 'String'),
(13, 10, 'lol', 'String'),
(14, 11, 'what\'s your birthday date?', 'Float'),
(15, 12, 'what is your favourite rocket?', 'String'),
(16, 12, 'what is your age?', 'Float'),
(17, 13, 'Duration of exercise', 'Float'),
(18, 13, 'Pulse during exercise', 'Float'),
(19, 13, 'Max Pulse', 'Float'),
(20, 13, 'Calories burnt', 'Float'),
(21, 14, 'asdfhasljdf', 'String');

-- --------------------------------------------------------

--
-- Table structure for table `survey_responses`
--

CREATE TABLE `survey_responses` (
  `response_id` int(11) NOT NULL,
  `survey_id` int(11) DEFAULT NULL,
  `surveyor_id` int(11) DEFAULT NULL,
  `response_data` longtext CHARACTER SET utf8mb4 COLLATE utf8mb4_bin DEFAULT NULL CHECK (json_valid(`response_data`)),
  `submitted_at` timestamp NOT NULL DEFAULT current_timestamp()
) ENGINE=InnoDB DEFAULT CHARSET=utf8mb4 COLLATE=utf8mb4_general_ci;

--
-- Dumping data for table `survey_responses`
--

INSERT INTO `survey_responses` (`response_id`, `survey_id`, `surveyor_id`, `response_data`, `submitted_at`) VALUES
(1042, 8, 3, '{\"11\":\"napa\"}', '2024-10-04 15:58:33'),
(1065, 8, 3, '{\"11\":\"comet\"}', '2024-10-04 16:14:52'),
(1066, 8, 3, '{\"11\":\"Omeprazole\"}', '2024-10-04 16:15:11'),
(1067, 9, 3, '{\"12\":\"rabid\"}', '2024-10-04 17:15:45'),
(1068, 9, 3, '{\"12\":\"fiza\"}', '2024-10-04 17:15:49'),
(1069, 9, 3, '{\"12\":\"omio\"}', '2024-10-04 17:15:52'),
(1070, 9, 3, '{\"12\":\"ruhi\"}', '2024-10-04 17:15:55'),
(1071, 9, 3, '{\"12\":\"ruba\"}', '2024-10-04 17:20:50'),
(1072, 11, 3, '{\"14\":\"12\"}', '2024-10-05 15:48:41'),
(1073, 11, 3, '{\"14\":\"51\"}', '2024-10-05 15:55:04'),
(1074, 11, 3, '{\"14\":\"34\"}', '2024-10-05 15:55:07'),
(1075, 12, 3, '{\"15\":\"Falcon 9\",\"16\":\"21\"}', '2024-10-05 16:14:18'),
(1076, 12, 3, '{\"15\":\"Dragon X\",\"16\":\"24\"}', '2024-10-05 16:14:29'),
(1077, 10, 3, '{\"13\":\"bro\"}', '2024-10-05 16:33:58'),
(1078, 10, 3, '{\"13\":\"haha\"}', '2024-10-05 16:34:01'),
(1079, 10, 3, '{\"13\":\"xd\"}', '2024-10-05 16:34:34'),
(1080, 13, 3, '{\"17\":\"60\",\"18\":\"110\",\"19\":\"130\",\"120\":\"409.1\"}', '2024-10-05 20:35:52'),
(1081, 13, 3, '{\"17\":\"60\",\"18\":\"117\",\"19\":\"145\",\"120\":\"479\"}', '2024-10-05 20:35:52'),
(1082, 13, 3, '{\"17\":\"60\",\"18\":\"103\",\"19\":\"135\",\"120\":\"340\"}', '2024-10-05 20:35:52'),
(1083, 13, 3, '{\"17\":\"45\",\"18\":\"109\",\"19\":\"175\",\"120\":\"282.4\"}', '2024-10-05 20:35:52'),
(1084, 13, 3, '{\"17\":\"45\",\"18\":\"117\",\"19\":\"148\",\"120\":\"406\"}', '2024-10-05 20:35:52'),
(1085, 13, 3, '{\"17\":\"60\",\"18\":\"102\",\"19\":\"127\",\"120\":\"300\"}', '2024-10-05 20:35:52'),
(1086, 13, 3, '{\"17\":\"60\",\"18\":\"110\",\"19\":\"136\",\"120\":\"374\"}', '2024-10-05 20:35:52'),
(1087, 13, 3, '{\"17\":\"45\",\"18\":\"104\",\"19\":\"134\",\"120\":\"253.3\"}', '2024-10-05 20:35:52'),
(1088, 13, 3, '{\"17\":\"30\",\"18\":\"109\",\"19\":\"133\",\"120\":\"195.1\"}', '2024-10-05 20:35:52'),
(1089, 13, 3, '{\"17\":\"60\",\"18\":\"98\",\"19\":\"124\",\"120\":\"269\"}', '2024-10-05 20:35:52'),
(1090, 13, 3, '{\"17\":\"60\",\"18\":\"103\",\"19\":\"147\",\"120\":\"329.3\"}', '2024-10-05 20:35:52'),
(1091, 13, 3, '{\"17\":\"60\",\"18\":\"100\",\"19\":\"120\",\"120\":\"250.7\"}', '2024-10-05 20:35:52'),
(1092, 13, 3, '{\"17\":\"60\",\"18\":\"106\",\"19\":\"128\",\"120\":\"345.3\"}', '2024-10-05 20:35:52'),
(1093, 13, 3, '{\"17\":\"60\",\"18\":\"104\",\"19\":\"132\",\"120\":\"379.3\"}', '2024-10-05 20:35:52'),
(1094, 13, 3, '{\"17\":\"60\",\"18\":\"98\",\"19\":\"123\",\"120\":\"275\"}', '2024-10-05 20:35:52'),
(1095, 13, 3, '{\"17\":\"60\",\"18\":\"98\",\"19\":\"120\",\"120\":\"215.2\"}', '2024-10-05 20:35:52'),
(1096, 13, 3, '{\"17\":\"60\",\"18\":\"100\",\"19\":\"120\",\"120\":\"300\"}', '2024-10-05 20:35:52'),
(1097, 13, 3, '{\"17\":\"45\",\"18\":\"90\",\"19\":\"112\",\"120\":\"\"}', '2024-10-05 20:35:52'),
(1098, 13, 3, '{\"17\":\"60\",\"18\":\"103\",\"19\":\"123\",\"120\":\"323\"}', '2024-10-05 20:35:52'),
(1099, 13, 3, '{\"17\":\"45\",\"18\":\"97\",\"19\":\"125\",\"120\":\"243\"}', '2024-10-05 20:35:52'),
(1100, 13, 3, '{\"17\":\"60\",\"18\":\"108\",\"19\":\"131\",\"120\":\"364.2\"}', '2024-10-05 20:35:52'),
(1101, 13, 3, '{\"17\":\"45\",\"18\":\"100\",\"19\":\"119\",\"120\":\"282\"}', '2024-10-05 20:35:52'),
(1102, 13, 3, '{\"17\":\"60\",\"18\":\"130\",\"19\":\"101\",\"120\":\"300\"}', '2024-10-05 20:35:52'),
(1103, 13, 3, '{\"17\":\"45\",\"18\":\"105\",\"19\":\"132\",\"120\":\"246\"}', '2024-10-05 20:35:52'),
(1104, 13, 3, '{\"17\":\"60\",\"18\":\"102\",\"19\":\"126\",\"120\":\"334.5\"}', '2024-10-05 20:35:52'),
(1105, 13, 3, '{\"17\":\"60\",\"18\":\"100\",\"19\":\"120\",\"120\":\"250\"}', '2024-10-05 20:35:52'),
(1106, 13, 3, '{\"17\":\"60\",\"18\":\"92\",\"19\":\"118\",\"120\":\"241\"}', '2024-10-05 20:35:52'),
(1107, 13, 3, '{\"17\":\"60\",\"18\":\"103\",\"19\":\"132\",\"120\":\"\"}', '2024-10-05 20:35:52'),
(1108, 13, 3, '{\"17\":\"60\",\"18\":\"100\",\"19\":\"132\",\"120\":\"280\"}', '2024-10-05 20:35:52'),
(1109, 13, 3, '{\"17\":\"60\",\"18\":\"102\",\"19\":\"129\",\"120\":\"380.3\"}', '2024-10-05 20:35:52'),
(1110, 13, 3, '{\"17\":\"60\",\"18\":\"92\",\"19\":\"115\",\"120\":\"243\"}', '2024-10-05 20:35:52'),
(1111, 13, 3, '{\"17\":\"45\",\"18\":\"90\",\"19\":\"112\",\"120\":\"180.1\"}', '2024-10-05 20:35:52'),
(1112, 13, 3, '{\"17\":\"60\",\"18\":\"101\",\"19\":\"124\",\"120\":\"299\"}', '2024-10-05 20:35:52'),
(1113, 13, 3, '{\"17\":\"60\",\"18\":\"93\",\"19\":\"113\",\"120\":\"223\"}', '2024-10-05 20:35:52'),
(1114, 13, 3, '{\"17\":\"60\",\"18\":\"107\",\"19\":\"136\",\"120\":\"361\"}', '2024-10-05 20:35:52'),
(1115, 13, 3, '{\"17\":\"60\",\"18\":\"114\",\"19\":\"140\",\"120\":\"415\"}', '2024-10-05 20:35:52'),
(1116, 13, 3, '{\"17\":\"60\",\"18\":\"102\",\"19\":\"127\",\"120\":\"300\"}', '2024-10-05 20:35:52'),
(1117, 13, 3, '{\"17\":\"60\",\"18\":\"100\",\"19\":\"120\",\"120\":\"300\"}', '2024-10-05 20:35:52'),
(1118, 13, 3, '{\"17\":\"60\",\"18\":\"100\",\"19\":\"120\",\"120\":\"300\"}', '2024-10-05 20:35:52'),
(1119, 13, 3, '{\"17\":\"45\",\"18\":\"104\",\"19\":\"129\",\"120\":\"266\"}', '2024-10-05 20:35:52'),
(1120, 13, 3, '{\"17\":\"45\",\"18\":\"90\",\"19\":\"112\",\"120\":\"180.1\"}', '2024-10-05 20:35:52'),
(1121, 13, 3, '{\"17\":\"60\",\"18\":\"98\",\"19\":\"126\",\"120\":\"286\"}', '2024-10-05 20:35:52'),
(1122, 13, 3, '{\"17\":\"60\",\"18\":\"100\",\"19\":\"122\",\"120\":\"329.4\"}', '2024-10-05 20:35:52'),
(1123, 13, 3, '{\"17\":\"60\",\"18\":\"111\",\"19\":\"138\",\"120\":\"400\"}', '2024-10-05 20:35:52'),
(1124, 13, 3, '{\"17\":\"60\",\"18\":\"111\",\"19\":\"131\",\"120\":\"397\"}', '2024-10-05 20:35:52'),
(1125, 13, 3, '{\"17\":\"60\",\"18\":\"99\",\"19\":\"119\",\"120\":\"273\"}', '2024-10-05 20:35:52'),
(1126, 13, 3, '{\"17\":\"60\",\"18\":\"109\",\"19\":\"153\",\"120\":\"387.6\"}', '2024-10-05 20:35:52'),
(1127, 13, 3, '{\"17\":\"45\",\"18\":\"111\",\"19\":\"136\",\"120\":\"300\"}', '2024-10-05 20:35:52'),
(1128, 13, 3, '{\"17\":\"45\",\"18\":\"108\",\"19\":\"129\",\"120\":\"298\"}', '2024-10-05 20:35:52'),
(1129, 13, 3, '{\"17\":\"60\",\"18\":\"111\",\"19\":\"139\",\"120\":\"397.6\"}', '2024-10-05 20:35:52'),
(1130, 13, 3, '{\"17\":\"60\",\"18\":\"107\",\"19\":\"136\",\"120\":\"380.2\"}', '2024-10-05 20:35:52'),
(1131, 13, 3, '{\"17\":\"80\",\"18\":\"123\",\"19\":\"146\",\"120\":\"643.1\"}', '2024-10-05 20:35:52'),
(1132, 13, 3, '{\"17\":\"60\",\"18\":\"106\",\"19\":\"130\",\"120\":\"263\"}', '2024-10-05 20:35:52'),
(1133, 13, 3, '{\"17\":\"60\",\"18\":\"118\",\"19\":\"151\",\"120\":\"486\"}', '2024-10-05 20:35:52'),
(1134, 13, 3, '{\"17\":\"30\",\"18\":\"136\",\"19\":\"175\",\"120\":\"238\"}', '2024-10-05 20:35:52'),
(1135, 13, 3, '{\"17\":\"60\",\"18\":\"121\",\"19\":\"146\",\"120\":\"450.7\"}', '2024-10-05 20:35:52'),
(1136, 13, 3, '{\"17\":\"60\",\"18\":\"118\",\"19\":\"121\",\"120\":\"413\"}', '2024-10-05 20:35:52'),
(1137, 13, 3, '{\"17\":\"45\",\"18\":\"115\",\"19\":\"144\",\"120\":\"305\"}', '2024-10-05 20:35:52'),
(1138, 13, 3, '{\"17\":\"20\",\"18\":\"153\",\"19\":\"172\",\"120\":\"226.4\"}', '2024-10-05 20:35:52'),
(1139, 13, 3, '{\"17\":\"45\",\"18\":\"123\",\"19\":\"152\",\"120\":\"321\"}', '2024-10-05 20:35:52'),
(1140, 13, 3, '{\"17\":\"210\",\"18\":\"108\",\"19\":\"160\",\"120\":\"1376\"}', '2024-10-05 20:35:52'),
(1141, 13, 3, '{\"17\":\"160\",\"18\":\"110\",\"19\":\"137\",\"120\":\"1034.4\"}', '2024-10-05 20:35:52'),
(1142, 13, 3, '{\"17\":\"160\",\"18\":\"109\",\"19\":\"135\",\"120\":\"853\"}', '2024-10-05 20:35:52'),
(1143, 13, 3, '{\"17\":\"45\",\"18\":\"118\",\"19\":\"141\",\"120\":\"341\"}', '2024-10-05 20:35:52'),
(1144, 13, 3, '{\"17\":\"20\",\"18\":\"110\",\"19\":\"130\",\"120\":\"131.4\"}', '2024-10-05 20:35:52'),
(1145, 13, 3, '{\"17\":\"180\",\"18\":\"90\",\"19\":\"130\",\"120\":\"800.4\"}', '2024-10-05 20:35:52'),
(1146, 13, 3, '{\"17\":\"150\",\"18\":\"105\",\"19\":\"135\",\"120\":\"873.4\"}', '2024-10-05 20:35:52'),
(1147, 13, 3, '{\"17\":\"150\",\"18\":\"107\",\"19\":\"130\",\"120\":\"816\"}', '2024-10-05 20:35:52'),
(1148, 13, 3, '{\"17\":\"20\",\"18\":\"106\",\"19\":\"136\",\"120\":\"110.4\"}', '2024-10-05 20:35:52'),
(1149, 13, 3, '{\"17\":\"300\",\"18\":\"108\",\"19\":\"143\",\"120\":\"1500.2\"}', '2024-10-05 20:35:52'),
(1150, 13, 3, '{\"17\":\"150\",\"18\":\"97\",\"19\":\"129\",\"120\":\"1115\"}', '2024-10-05 20:35:52'),
(1151, 13, 3, '{\"17\":\"60\",\"18\":\"109\",\"19\":\"153\",\"120\":\"387.6\"}', '2024-10-05 20:35:52'),
(1152, 13, 3, '{\"17\":\"90\",\"18\":\"100\",\"19\":\"127\",\"120\":\"700\"}', '2024-10-05 20:35:52'),
(1153, 13, 3, '{\"17\":\"150\",\"18\":\"97\",\"19\":\"127\",\"120\":\"953.2\"}', '2024-10-05 20:35:52'),
(1154, 13, 3, '{\"17\":\"45\",\"18\":\"114\",\"19\":\"146\",\"120\":\"304\"}', '2024-10-05 20:35:52'),
(1155, 13, 3, '{\"17\":\"90\",\"18\":\"98\",\"19\":\"125\",\"120\":\"563.2\"}', '2024-10-05 20:35:52'),
(1156, 13, 3, '{\"17\":\"45\",\"18\":\"105\",\"19\":\"134\",\"120\":\"251\"}', '2024-10-05 20:35:52'),
(1157, 13, 3, '{\"17\":\"45\",\"18\":\"110\",\"19\":\"141\",\"120\":\"300\"}', '2024-10-05 20:35:52'),
(1158, 13, 3, '{\"17\":\"120\",\"18\":\"100\",\"19\":\"130\",\"120\":\"500.4\"}', '2024-10-05 20:35:52'),
(1159, 13, 3, '{\"17\":\"270\",\"18\":\"100\",\"19\":\"131\",\"120\":\"1729\"}', '2024-10-05 20:35:52'),
(1160, 13, 3, '{\"17\":\"30\",\"18\":\"159\",\"19\":\"182\",\"120\":\"319.2\"}', '2024-10-05 20:35:52'),
(1161, 13, 3, '{\"17\":\"45\",\"18\":\"149\",\"19\":\"169\",\"120\":\"344\"}', '2024-10-05 20:35:52'),
(1162, 13, 3, '{\"17\":\"30\",\"18\":\"103\",\"19\":\"139\",\"120\":\"151.1\"}', '2024-10-05 20:35:52'),
(1163, 13, 3, '{\"17\":\"120\",\"18\":\"100\",\"19\":\"130\",\"120\":\"500\"}', '2024-10-05 20:35:52'),
(1164, 13, 3, '{\"17\":\"45\",\"18\":\"100\",\"19\":\"120\",\"120\":\"225.3\"}', '2024-10-05 20:35:52'),
(1165, 13, 3, '{\"17\":\"30\",\"18\":\"151\",\"19\":\"170\",\"120\":\"300\"}', '2024-10-05 20:35:52'),
(1166, 13, 3, '{\"17\":\"45\",\"18\":\"102\",\"19\":\"136\",\"120\":\"234\"}', '2024-10-05 20:35:52'),
(1167, 13, 3, '{\"17\":\"120\",\"18\":\"100\",\"19\":\"157\",\"120\":\"1000.1\"}', '2024-10-05 20:35:52'),
(1168, 13, 3, '{\"17\":\"45\",\"18\":\"129\",\"19\":\"103\",\"120\":\"242\"}', '2024-10-05 20:35:52'),
(1169, 13, 3, '{\"17\":\"20\",\"18\":\"83\",\"19\":\"107\",\"120\":\"50.3\"}', '2024-10-05 20:35:52'),
(1170, 13, 3, '{\"17\":\"180\",\"18\":\"101\",\"19\":\"127\",\"120\":\"600.1\"}', '2024-10-05 20:35:52'),
(1171, 13, 3, '{\"17\":\"45\",\"18\":\"107\",\"19\":\"137\",\"120\":\"\"}', '2024-10-05 20:35:52'),
(1172, 13, 3, '{\"17\":\"30\",\"18\":\"90\",\"19\":\"107\",\"120\":\"105.3\"}', '2024-10-05 20:35:52'),
(1173, 13, 3, '{\"17\":\"15\",\"18\":\"80\",\"19\":\"100\",\"120\":\"50.5\"}', '2024-10-05 20:35:52'),
(1174, 13, 3, '{\"17\":\"20\",\"18\":\"150\",\"19\":\"171\",\"120\":\"127.4\"}', '2024-10-05 20:35:52'),
(1175, 13, 3, '{\"17\":\"20\",\"18\":\"151\",\"19\":\"168\",\"120\":\"229.4\"}', '2024-10-05 20:35:52'),
(1176, 13, 3, '{\"17\":\"30\",\"18\":\"95\",\"19\":\"128\",\"120\":\"128.2\"}', '2024-10-05 20:35:52'),
(1177, 13, 3, '{\"17\":\"25\",\"18\":\"152\",\"19\":\"168\",\"120\":\"244.2\"}', '2024-10-05 20:35:52'),
(1178, 13, 3, '{\"17\":\"30\",\"18\":\"109\",\"19\":\"131\",\"120\":\"188.2\"}', '2024-10-05 20:35:52'),
(1179, 13, 3, '{\"17\":\"90\",\"18\":\"93\",\"19\":\"124\",\"120\":\"604.1\"}', '2024-10-05 20:35:52'),
(1180, 13, 3, '{\"17\":\"20\",\"18\":\"95\",\"19\":\"112\",\"120\":\"77.7\"}', '2024-10-05 20:35:52'),
(1181, 13, 3, '{\"17\":\"90\",\"18\":\"90\",\"19\":\"110\",\"120\":\"500\"}', '2024-10-05 20:35:52'),
(1182, 13, 3, '{\"17\":\"90\",\"18\":\"90\",\"19\":\"100\",\"120\":\"500\"}', '2024-10-05 20:35:52'),
(1183, 13, 3, '{\"17\":\"90\",\"18\":\"90\",\"19\":\"100\",\"120\":\"500.4\"}', '2024-10-05 20:35:52'),
(1184, 13, 3, '{\"17\":\"30\",\"18\":\"92\",\"19\":\"108\",\"120\":\"92.7\"}', '2024-10-05 20:35:52'),
(1185, 13, 3, '{\"17\":\"30\",\"18\":\"93\",\"19\":\"128\",\"120\":\"124\"}', '2024-10-05 20:35:52'),
(1186, 13, 3, '{\"17\":\"180\",\"18\":\"90\",\"19\":\"120\",\"120\":\"800.3\"}', '2024-10-05 20:35:52'),
(1187, 13, 3, '{\"17\":\"30\",\"18\":\"90\",\"19\":\"120\",\"120\":\"86.2\"}', '2024-10-05 20:35:52'),
(1188, 13, 3, '{\"17\":\"90\",\"18\":\"90\",\"19\":\"120\",\"120\":\"500.3\"}', '2024-10-05 20:35:52'),
(1189, 13, 3, '{\"17\":\"210\",\"18\":\"137\",\"19\":\"184\",\"120\":\"1860.4\"}', '2024-10-05 20:35:52'),
(1190, 13, 3, '{\"17\":\"60\",\"18\":\"102\",\"19\":\"124\",\"120\":\"325.2\"}', '2024-10-05 20:35:52'),
(1191, 13, 3, '{\"17\":\"45\",\"18\":\"107\",\"19\":\"124\",\"120\":\"275\"}', '2024-10-05 20:35:52'),
(1192, 13, 3, '{\"17\":\"15\",\"18\":\"124\",\"19\":\"139\",\"120\":\"124.2\"}', '2024-10-05 20:35:52'),
(1193, 13, 3, '{\"17\":\"45\",\"18\":\"100\",\"19\":\"120\",\"120\":\"225.3\"}', '2024-10-05 20:35:52'),
(1194, 13, 3, '{\"17\":\"60\",\"18\":\"108\",\"19\":\"131\",\"120\":\"367.6\"}', '2024-10-05 20:35:52'),
(1195, 13, 3, '{\"17\":\"60\",\"18\":\"108\",\"19\":\"151\",\"120\":\"351.7\"}', '2024-10-05 20:35:52'),
(1196, 13, 3, '{\"17\":\"60\",\"18\":\"116\",\"19\":\"141\",\"120\":\"443\"}', '2024-10-05 20:35:52'),
(1197, 13, 3, '{\"17\":\"60\",\"18\":\"97\",\"19\":\"122\",\"120\":\"277.4\"}', '2024-10-05 20:35:52'),
(1198, 13, 3, '{\"17\":\"60\",\"18\":\"105\",\"19\":\"125\",\"120\":\"\"}', '2024-10-05 20:35:52'),
(1199, 13, 3, '{\"17\":\"60\",\"18\":\"103\",\"19\":\"124\",\"120\":\"332.7\"}', '2024-10-05 20:35:52'),
(1200, 13, 3, '{\"17\":\"30\",\"18\":\"112\",\"19\":\"137\",\"120\":\"193.9\"}', '2024-10-05 20:35:52'),
(1201, 13, 3, '{\"17\":\"45\",\"18\":\"100\",\"19\":\"120\",\"120\":\"100.7\"}', '2024-10-05 20:35:52'),
(1202, 13, 3, '{\"17\":\"60\",\"18\":\"119\",\"19\":\"169\",\"120\":\"336.7\"}', '2024-10-05 20:35:52'),
(1203, 13, 3, '{\"17\":\"60\",\"18\":\"107\",\"19\":\"127\",\"120\":\"344.9\"}', '2024-10-05 20:35:52'),
(1204, 13, 3, '{\"17\":\"60\",\"18\":\"111\",\"19\":\"151\",\"120\":\"368.5\"}', '2024-10-05 20:35:52'),
(1205, 13, 3, '{\"17\":\"60\",\"18\":\"98\",\"19\":\"122\",\"120\":\"271\"}', '2024-10-05 20:35:52'),
(1206, 13, 3, '{\"17\":\"60\",\"18\":\"97\",\"19\":\"124\",\"120\":\"275.3\"}', '2024-10-05 20:35:52'),
(1207, 13, 3, '{\"17\":\"60\",\"18\":\"109\",\"19\":\"127\",\"120\":\"382\"}', '2024-10-05 20:35:52'),
(1208, 13, 3, '{\"17\":\"90\",\"18\":\"99\",\"19\":\"125\",\"120\":\"466.4\"}', '2024-10-05 20:35:52'),
(1209, 13, 3, '{\"17\":\"60\",\"18\":\"114\",\"19\":\"151\",\"120\":\"384\"}', '2024-10-05 20:35:52'),
(1210, 13, 3, '{\"17\":\"60\",\"18\":\"104\",\"19\":\"134\",\"120\":\"342.5\"}', '2024-10-05 20:35:52'),
(1211, 13, 3, '{\"17\":\"60\",\"18\":\"107\",\"19\":\"138\",\"120\":\"357.5\"}', '2024-10-05 20:35:52'),
(1212, 13, 3, '{\"17\":\"60\",\"18\":\"103\",\"19\":\"133\",\"120\":\"335\"}', '2024-10-05 20:35:52'),
(1213, 13, 3, '{\"17\":\"60\",\"18\":\"106\",\"19\":\"132\",\"120\":\"327.5\"}', '2024-10-05 20:35:52'),
(1214, 13, 3, '{\"17\":\"60\",\"18\":\"103\",\"19\":\"136\",\"120\":\"339\"}', '2024-10-05 20:35:52'),
(1215, 13, 3, '{\"17\":\"20\",\"18\":\"136\",\"19\":\"156\",\"120\":\"189\"}', '2024-10-05 20:35:52'),
(1216, 13, 3, '{\"17\":\"45\",\"18\":\"117\",\"19\":\"143\",\"120\":\"317.7\"}', '2024-10-05 20:35:52'),
(1217, 13, 3, '{\"17\":\"45\",\"18\":\"115\",\"19\":\"137\",\"120\":\"318\"}', '2024-10-05 20:35:52'),
(1218, 13, 3, '{\"17\":\"45\",\"18\":\"113\",\"19\":\"138\",\"120\":\"308\"}', '2024-10-05 20:35:52'),
(1219, 13, 3, '{\"17\":\"20\",\"18\":\"141\",\"19\":\"162\",\"120\":\"222.4\"}', '2024-10-05 20:35:52'),
(1220, 13, 3, '{\"17\":\"60\",\"18\":\"108\",\"19\":\"135\",\"120\":\"390\"}', '2024-10-05 20:35:52'),
(1221, 13, 3, '{\"17\":\"60\",\"18\":\"97\",\"19\":\"127\",\"120\":\"\"}', '2024-10-05 20:35:52'),
(1222, 13, 3, '{\"17\":\"45\",\"18\":\"100\",\"19\":\"120\",\"120\":\"250.4\"}', '2024-10-05 20:35:52'),
(1223, 13, 3, '{\"17\":\"45\",\"18\":\"122\",\"19\":\"149\",\"120\":\"335.4\"}', '2024-10-05 20:35:52'),
(1224, 13, 3, '{\"17\":\"60\",\"18\":\"136\",\"19\":\"170\",\"120\":\"470.2\"}', '2024-10-05 20:35:52'),
(1225, 13, 3, '{\"17\":\"45\",\"18\":\"106\",\"19\":\"126\",\"120\":\"270.8\"}', '2024-10-05 20:35:52'),
(1226, 13, 3, '{\"17\":\"60\",\"18\":\"107\",\"19\":\"136\",\"120\":\"400\"}', '2024-10-05 20:35:52'),
(1227, 13, 3, '{\"17\":\"60\",\"18\":\"112\",\"19\":\"146\",\"120\":\"361.9\"}', '2024-10-05 20:35:52'),
(1228, 13, 3, '{\"17\":\"30\",\"18\":\"103\",\"19\":\"127\",\"120\":\"185\"}', '2024-10-05 20:35:52'),
(1229, 13, 3, '{\"17\":\"60\",\"18\":\"110\",\"19\":\"150\",\"120\":\"409.4\"}', '2024-10-05 20:35:52'),
(1230, 13, 3, '{\"17\":\"60\",\"18\":\"106\",\"19\":\"134\",\"120\":\"343\"}', '2024-10-05 20:35:52'),
(1231, 13, 3, '{\"17\":\"60\",\"18\":\"109\",\"19\":\"129\",\"120\":\"353.2\"}', '2024-10-05 20:35:52'),
(1232, 13, 3, '{\"17\":\"60\",\"18\":\"109\",\"19\":\"138\",\"120\":\"374\"}', '2024-10-05 20:35:52'),
(1233, 13, 3, '{\"17\":\"30\",\"18\":\"150\",\"19\":\"167\",\"120\":\"275.8\"}', '2024-10-05 20:35:52'),
(1234, 13, 3, '{\"17\":\"60\",\"18\":\"105\",\"19\":\"128\",\"120\":\"328\"}', '2024-10-05 20:35:52'),
(1235, 13, 3, '{\"17\":\"60\",\"18\":\"111\",\"19\":\"151\",\"120\":\"368.5\"}', '2024-10-05 20:35:52'),
(1236, 13, 3, '{\"17\":\"60\",\"18\":\"97\",\"19\":\"131\",\"120\":\"270.4\"}', '2024-10-05 20:35:52'),
(1237, 13, 3, '{\"17\":\"60\",\"18\":\"100\",\"19\":\"120\",\"120\":\"270.4\"}', '2024-10-05 20:35:52'),
(1238, 13, 3, '{\"17\":\"60\",\"18\":\"114\",\"19\":\"150\",\"120\":\"382.8\"}', '2024-10-05 20:35:52'),
(1239, 13, 3, '{\"17\":\"30\",\"18\":\"80\",\"19\":\"120\",\"120\":\"240.9\"}', '2024-10-05 20:35:52'),
(1240, 13, 3, '{\"17\":\"30\",\"18\":\"85\",\"19\":\"120\",\"120\":\"250.4\"}', '2024-10-05 20:35:52'),
(1241, 13, 3, '{\"17\":\"45\",\"18\":\"90\",\"19\":\"130\",\"120\":\"260.4\"}', '2024-10-05 20:35:52'),
(1242, 13, 3, '{\"17\":\"45\",\"18\":\"95\",\"19\":\"130\",\"120\":\"270\"}', '2024-10-05 20:35:52'),
(1243, 13, 3, '{\"17\":\"45\",\"18\":\"100\",\"19\":\"140\",\"120\":\"280.9\"}', '2024-10-05 20:35:53'),
(1244, 13, 3, '{\"17\":\"60\",\"18\":\"105\",\"19\":\"140\",\"120\":\"290.8\"}', '2024-10-05 20:35:53'),
(1245, 13, 3, '{\"17\":\"60\",\"18\":\"110\",\"19\":\"145\",\"120\":\"300\"}', '2024-10-05 20:35:53'),
(1246, 13, 3, '{\"17\":\"60\",\"18\":\"115\",\"19\":\"145\",\"120\":\"310.2\"}', '2024-10-05 20:35:53'),
(1247, 13, 3, '{\"17\":\"75\",\"18\":\"120\",\"19\":\"150\",\"120\":\"320.4\"}', '2024-10-05 20:35:53'),
(1248, 13, 3, '{\"17\":\"75\",\"18\":\"125\",\"19\":\"150\",\"120\":\"330.4\"}', '2024-10-05 20:35:53'),
(1249, 14, 3, '{\"21\":\"sldflksajdf\"}', '2024-10-06 03:30:05'),
(1250, 14, 3, '{\"21\":\"asdfsad\"}', '2024-10-06 03:30:08'),
(1251, 14, 3, '{\"21\":\"SJHFKJDSF\"}', '2024-10-06 03:33:49'),
(1252, 14, 3, '{\"21\":\"sdfsad\"}', '2024-10-06 03:33:56');

-- --------------------------------------------------------

--
-- Table structure for table `survey_subscriptions`
--

CREATE TABLE `survey_subscriptions` (
  `id` int(11) NOT NULL,
  `survey_id` int(11) NOT NULL,
  `start_date` timestamp NOT NULL DEFAULT current_timestamp(),
  `end_date` datetime NOT NULL,
  `subscription_fee` decimal(10,2) NOT NULL DEFAULT 500.00,
  `is_active` tinyint(1) DEFAULT 1
) ENGINE=InnoDB DEFAULT CHARSET=utf8mb4 COLLATE=utf8mb4_general_ci;

--
-- Dumping data for table `survey_subscriptions`
--

INSERT INTO `survey_subscriptions` (`id`, `survey_id`, `start_date`, `end_date`, `subscription_fee`, `is_active`) VALUES
(1, 13, '2024-09-06 00:54:36', '2024-10-06 06:54:36', 500.00, 1),
(2, 11, '2024-10-05 22:55:31', '2024-11-05 00:55:31', 500.00, 1),
(3, 9, '2024-10-05 22:55:48', '2024-10-06 04:55:54', 500.00, 0),
(4, 9, '2024-10-05 22:56:07', '2024-11-05 00:56:07', 500.00, 1),
(5, 13, '2024-10-06 00:54:36', '2024-11-05 06:54:36', 500.00, 1),
(6, 14, '2024-10-06 03:35:11', '2024-11-05 05:35:11', 500.00, 1);

-- --------------------------------------------------------

--
-- Table structure for table `users`
--

CREATE TABLE `users` (
  `id` int(11) NOT NULL,
  `role` int(11) NOT NULL,
  `first_name` varchar(255) DEFAULT NULL,
  `last_name` varchar(255) DEFAULT NULL,
  `company_name` varchar(255) DEFAULT NULL,
  `username` varchar(255) DEFAULT NULL,
  `password` varchar(255) DEFAULT NULL,
  `email` varchar(255) DEFAULT NULL,
  `phone` varchar(255) DEFAULT NULL,
  `address` varchar(255) DEFAULT NULL,
  `picture` varchar(255) DEFAULT 'default.jpg'
) ENGINE=InnoDB DEFAULT CHARSET=utf8mb4 COLLATE=utf8mb4_general_ci;

--
-- Dumping data for table `users`
--

INSERT INTO `users` (`id`, `role`, `first_name`, `last_name`, `company_name`, `username`, `password`, `email`, `phone`, `address`, `picture`) VALUES
(1, 1, 'Saydul', 'Rabid', NULL, 'SaydulRabid', '$2y$10$wzYo/638a7IwNe66il18EuNdgMvoYB57ZhquOKCN0SswFIG5UnPMy', 'rabid.dhaka@gmail.com', '01897929859', 'road-4 ,dit project, dhaka', 'default.jpg'),
(3, 2, 'Rayan', 'Reeds', NULL, 'rayan', '$2y$10$ZtjK6.Lz1yfKyi9nVQZxxe.YVaSDwvlNqHB4F40fSqAdPWpQr4Uqq', 'Rayan92@gmail.com', '01929384', 'na street, NYC', 'default.jpg'),
(9, 3, NULL, NULL, 'Beximco', 'beximco', '$2y$10$JZmHfI8MfkhiYvQobYOPqe9jU5kjksHMx23FZ5oUo.rGsBqCMJyDi', 'beximco.1990@gmail.com', '01234567890', 'random street, Dhaka', 'default.jpg'),
(24, 3, NULL, NULL, 'SpaceX', 'spacex', '$2y$10$EM1y6JLgpetfY.ylG16ZseZNsgEOpIDI.BSV.Q3E3idXwlITg.y9a', 'spacex@gmail.com', '01223344556', 'random street, nevada', '66fb33a9b5f13.jpg');

-- --------------------------------------------------------

--
-- Table structure for table `user_type`
--

CREATE TABLE `user_type` (
  `id` int(11) NOT NULL,
  `type` varchar(10) DEFAULT NULL
) ENGINE=InnoDB DEFAULT CHARSET=utf8mb4 COLLATE=utf8mb4_general_ci;

--
-- Dumping data for table `user_type`
--

INSERT INTO `user_type` (`id`, `type`) VALUES
(1, 'admin'),
(2, 'surveyor'),
(3, 'client');

--
-- Indexes for dumped tables
--

--
-- Indexes for table `surveyor_payouts`
--
ALTER TABLE `surveyor_payouts`
  ADD PRIMARY KEY (`survey_id`,`surveyor_id`),
  ADD KEY `fk_surveyor` (`surveyor_id`),
  ADD KEY `fk_survey` (`survey_id`) USING BTREE;

--
-- Indexes for table `survey_list`
--
ALTER TABLE `survey_list`
  ADD PRIMARY KEY (`survey_id`),
  ADD KEY `id_client` (`client_id`),
  ADD KEY `client_id` (`client_id`,`survey_id`,`title`,`is_running`,`created_at`,`required_entries`,`collected_entries`);

--
-- Indexes for table `survey_purchase`
--
ALTER TABLE `survey_purchase`
  ADD PRIMARY KEY (`id`),
  ADD KEY `buyer_id` (`buyer_id`),
  ADD KEY `survey_id` (`survey_id`);

--
-- Indexes for table `survey_questions`
--
ALTER TABLE `survey_questions`
  ADD PRIMARY KEY (`id`),
  ADD KEY `fk_survey_id` (`survey_id`);

--
-- Indexes for table `survey_responses`
--
ALTER TABLE `survey_responses`
  ADD PRIMARY KEY (`response_id`),
  ADD KEY `id_survey` (`survey_id`),
  ADD KEY `chk_surveyor` (`surveyor_id`);

--
-- Indexes for table `survey_subscriptions`
--
ALTER TABLE `survey_subscriptions`
  ADD PRIMARY KEY (`id`),
  ADD KEY `fk_survey_subscription` (`survey_id`);

--
-- Indexes for table `users`
--
ALTER TABLE `users`
  ADD PRIMARY KEY (`id`),
  ADD KEY `role` (`role`);

--
-- Indexes for table `user_type`
--
ALTER TABLE `user_type`
  ADD PRIMARY KEY (`id`);

--
-- AUTO_INCREMENT for dumped tables
--

--
-- AUTO_INCREMENT for table `survey_list`
--
ALTER TABLE `survey_list`
  MODIFY `survey_id` int(11) NOT NULL AUTO_INCREMENT, AUTO_INCREMENT=15;

--
-- AUTO_INCREMENT for table `survey_purchase`
--
ALTER TABLE `survey_purchase`
  MODIFY `id` int(11) NOT NULL AUTO_INCREMENT, AUTO_INCREMENT=41;

--
-- AUTO_INCREMENT for table `survey_questions`
--
ALTER TABLE `survey_questions`
  MODIFY `id` int(11) NOT NULL AUTO_INCREMENT, AUTO_INCREMENT=22;

--
-- AUTO_INCREMENT for table `survey_responses`
--
ALTER TABLE `survey_responses`
  MODIFY `response_id` int(11) NOT NULL AUTO_INCREMENT, AUTO_INCREMENT=1253;

--
-- AUTO_INCREMENT for table `survey_subscriptions`
--
ALTER TABLE `survey_subscriptions`
  MODIFY `id` int(11) NOT NULL AUTO_INCREMENT, AUTO_INCREMENT=7;

--
-- AUTO_INCREMENT for table `users`
--
ALTER TABLE `users`
  MODIFY `id` int(11) NOT NULL AUTO_INCREMENT, AUTO_INCREMENT=25;

--
-- Constraints for dumped tables
--

--
-- Constraints for table `surveyor_payouts`
--
ALTER TABLE `surveyor_payouts`
  ADD CONSTRAINT `fk_survey` FOREIGN KEY (`survey_id`) REFERENCES `survey_list` (`survey_id`) ON DELETE CASCADE,
  ADD CONSTRAINT `fk_surveyor` FOREIGN KEY (`surveyor_id`) REFERENCES `users` (`id`) ON DELETE CASCADE;

--
-- Constraints for table `survey_list`
--
ALTER TABLE `survey_list`
  ADD CONSTRAINT `fk_client_id` FOREIGN KEY (`client_id`) REFERENCES `users` (`id`);

--
-- Constraints for table `survey_purchase`
--
ALTER TABLE `survey_purchase`
  ADD CONSTRAINT `survey_purchase_ibfk_1` FOREIGN KEY (`buyer_id`) REFERENCES `users` (`id`),
  ADD CONSTRAINT `survey_purchase_ibfk_2` FOREIGN KEY (`survey_id`) REFERENCES `survey_list` (`survey_id`);

--
-- Constraints for table `survey_questions`
--
ALTER TABLE `survey_questions`
  ADD CONSTRAINT `fk_survey_id` FOREIGN KEY (`survey_id`) REFERENCES `survey_list` (`survey_id`);

--
-- Constraints for table `survey_responses`
--
ALTER TABLE `survey_responses`
  ADD CONSTRAINT `fk_survey_id_response` FOREIGN KEY (`survey_id`) REFERENCES `survey_list` (`survey_id`),
  ADD CONSTRAINT `fk_surveyor_id_response` FOREIGN KEY (`surveyor_id`) REFERENCES `users` (`id`);

--
-- Constraints for table `survey_subscriptions`
--
ALTER TABLE `survey_subscriptions`
  ADD CONSTRAINT `fk_survey_subscription` FOREIGN KEY (`survey_id`) REFERENCES `survey_list` (`survey_id`) ON DELETE CASCADE;

--
-- Constraints for table `users`
--
ALTER TABLE `users`
  ADD CONSTRAINT `fk_user_type` FOREIGN KEY (`role`) REFERENCES `user_type` (`id`);
COMMIT;

/*!40101 SET CHARACTER_SET_CLIENT=@OLD_CHARACTER_SET_CLIENT */;
/*!40101 SET CHARACTER_SET_RESULTS=@OLD_CHARACTER_SET_RESULTS */;
/*!40101 SET COLLATION_CONNECTION=@OLD_COLLATION_CONNECTION */;
